Rapid Cell Phone Charger(Type C),Electronics,12.99,2748
Autographed Metallica Concert Ticket Stub,Collectibles,175,1
64 Pack of Crayons,Children's Supplies,8.5,450
Steering Wheel Cover (Flame Design),Automotive,15.99,76
Used Moto E4+,Electronics,49.99,26
San Diego Chargers Dart Board,Collectibles,80,6
Men's Vans Skate Shoes (Size 10),Apparel,32.58,217
Cubic Zirconium Diamond Studs,Jewelry,29.97,1562
Automatic Pet  Food Dispenser,Pet Supplies,59.99,180
400 Thread Count Egyptian Cotton Sheets (Queen),Home Goods,34.51,945
